Kanji,Kana,English,In_Current_1147,In_Complete_1426,In_Tanos_658,Category
"会う","あう","to meet",YES,YES,YES,ALL
"青","あお","blue",YES,YES,YES,ALL
"青い","あおい","blue",YES,YES,YES,ALL
"赤","あか","red",YES,YES,YES,ALL
"赤い","あかい","red",YES,YES,YES,ALL
"明い","あかるい","bright",YES,YES,YES,ALL
"秋","あき","autumn",YES,YES,YES,ALL
"開く","あく","to open, to become open",YES,YES,YES,ALL
"開ける","あける","to open",YES,YES,YES,ALL
"上げる","あげる","to give",YES,YES,YES,ALL
"朝","あさ","morning",YES,YES,YES,ALL
"朝御飯","あさごはん","breakfast",YES,YES,YES,ALL
"(none)","あさって","day after tomorrow",YES,YES,YES,ALL
"足","あし","foot, leg",YES,YES,YES,ALL
"明日","あした","tomorrow",YES,YES,YES,ALL
"(none)","あそこ","over there",YES,YES,YES,ALL
"遊ぶ","あそぶ","to play, to make a visit",YES,YES,YES,ALL
"暖かい","あたたかい","warm",YES,YES,YES,ALL
"頭","あたま","head",YES,YES,YES,ALL
"新しい","あたらしい","new",YES,YES,YES,ALL
"(none)","あちら","there",YES,YES,YES,ALL
"暑い","あつい","hot",YES,YES,YES,ALL
"熱い","あつい","hot to the touch",YES,YES,YES,ALL
"厚い","あつい","kind, deep, thick",YES,YES,YES,ALL
"(none)","あっち","over there",YES,YES,YES,ALL
"後","あと","afterwards",YES,YES,YES,ALL
"(none)","あなた","you",YES,YES,YES,ALL
"兄","あに","(humble) older brother",YES,YES,YES,ALL
"姉","あね","(humble) older sister",YES,YES,YES,ALL
"(none)","あの","that over there",YES,YES,YES,ALL
"(none)","あの","um...",YES,YES,YES,ALL
"(none)","アパート","apartment",YES,YES,YES,ALL
"(none)","あびる","to bathe, to shower",YES,YES,YES,ALL
"危ない","あぶない","dangerous",YES,YES,YES,ALL
"甘い","あまい","sweet",YES,YES,YES,ALL
"(none)","あまり","not very",YES,YES,YES,ALL
"雨","あめ","rain",YES,YES,YES,ALL
"飴","あめ","candy",YES,YES,YES,ALL
"洗う","あらう","to wash",YES,YES,YES,ALL
"歩く","あるく","to walk",YES,YES,YES,ALL
"(none)","あれ","that",YES,YES,YES,ALL
"(none)","いいえ","no",YES,YES,YES,ALL
"言う","いう","to say",YES,YES,YES,ALL
"家","いえ","house",YES,YES,YES,ALL
"(none)","いかが","how",YES,YES,YES,ALL
"行く","いく","to go",YES,YES,YES,ALL
"(none)","いくつ","how many?,how old?",YES,YES,YES,ALL
"(none)","いくら","how much?",YES,YES,YES,ALL
"池","いけ","pond",YES,YES,YES,ALL
"医者","いしゃ","medical doctor",YES,YES,YES,ALL
"(none)","いす","chair",YES,YES,YES,ALL
"忙しい","いそがしい","busy, irritated",YES,YES,YES,ALL
"痛い","いたい","painful",YES,YES,YES,ALL
"一","いち","one",YES,YES,YES,ALL
"一日","いちにち","first of the month",YES,YES,YES,ALL
"(none)","いちばん","best, first",YES,YES,YES,ALL
"(none)","いつ","when",YES,YES,YES,ALL
"五日","いつか","five days, fifth day",YES,YES,YES,ALL
"一緒","いっしょ","together",YES,YES,YES,ALL
"五つ","いつつ","five",YES,YES,YES,ALL
"(none)","いつも","always",YES,YES,YES,ALL
"犬","いぬ","dog",YES,YES,YES,ALL
"今","いま","now",YES,YES,YES,ALL
"意味","いみ","meaning",YES,YES,YES,ALL
"妹","いもうと","(humble) younger sister",YES,YES,YES,ALL
"嫌","いや","unpleasant",YES,YES,YES,ALL
"入口","いりぐち","entrance",YES,YES,YES,ALL
"居る","いる","",YES,YES,YES,ALL
"要る","いる","to need",YES,YES,YES,ALL
"入れる","いれる","to put in",YES,YES,YES,ALL
"色","いろ","colour",YES,YES,YES,ALL
"(none)","いろいろ","various",YES,YES,YES,ALL
"上","うえ","on top of",YES,YES,YES,ALL
"後ろ","うしろ","behind",YES,YES,YES,ALL
"薄い","うすい","thin,weak",YES,YES,YES,ALL
"歌","うた","song",YES,YES,YES,ALL
"歌う","うたう","to sing",YES,YES,YES,ALL
"生まれる","うまれる","to be born",YES,YES,YES,ALL
"海","うみ","sea",YES,YES,YES,ALL
"売る","うる","to sell",YES,YES,YES,ALL
"煩い","うるさい","noisy, annoying",YES,YES,YES,ALL
"上着","うわぎ","jacket",YES,YES,YES,ALL
"絵","え","picture",YES,YES,YES,ALL
"映画","えいが","movie",YES,YES,YES,ALL
"映画館","えいがかん","cinema",YES,YES,YES,ALL
"英語","えいご","English language",YES,YES,YES,ALL
"(none)","ええ","yes",YES,YES,YES,ALL
"駅","えき","station",YES,YES,YES,ALL
"(none)","エレベーター","elevator",YES,YES,YES,ALL
"鉛筆","えんぴつ","pencil",YES,YES,YES,ALL
"(none)","おいしい","delicious",YES,YES,YES,ALL
"多い","おおい","many",YES,YES,YES,ALL
"大きい","おおきい","big",YES,YES,YES,ALL
"大きな","おおきな","big",YES,YES,YES,ALL
"大勢","おおぜい","great number of people",YES,YES,YES,ALL
"お母さん","おかあさん","(honorable) mother",YES,YES,YES,ALL
"お菓子","おかし","sweets, candy",YES,YES,YES,ALL
"お金","おかね","money",YES,YES,YES,ALL
"起きる","おきる","to get up",YES,YES,YES,ALL
"置く","おく","to put",YES,YES,YES,ALL
"奥さん","おくさん","(honorable) wife",YES,YES,YES,ALL
"お酒","おさけ","alcohol, rice wine",YES,YES,YES,ALL
"お皿","おさら","plate, dish",YES,YES,YES,ALL
"伯父/叔父","おじいさん","grandfather, male senior citizen",YES,YES,YES,ALL
"教える","おしえる","to teach, to tell",YES,YES,YES,ALL
"伯父/叔父","おじさん","uncle, middle aged gentleman",YES,YES,YES,ALL
"押す","おす","to push, to stamp something",YES,YES,YES,ALL
"遅い","おそい","late, slow",YES,YES,YES,ALL
"お茶","おちゃ","green tea",YES,YES,YES,ALL
"お手洗い","おてあらい","bathroom",YES,YES,YES,ALL
"お父さん","おとうさん","(honorable) father",YES,YES,YES,ALL
"弟","おとうと","younger brother",YES,YES,YES,ALL
"男","おとこ","Man",YES,YES,YES,ALL
"男の子","おとこのこ","Boy",YES,YES,YES,ALL
"一昨日","おととい","day before yesterday",YES,YES,YES,ALL
"一昨年","おととし","year before last",YES,YES,YES,ALL
"大人","おとな","Adult",YES,YES,YES,ALL
"(none)","おなか","stomach",YES,YES,YES,ALL
"同じ","おなじ","same",YES,YES,YES,ALL
"お兄さん","おにいさん","(honorable) older brother",YES,YES,YES,ALL
"お姉さん","おねえさん","(honorable) older sister",YES,YES,YES,ALL
"(none)","おばあさん","grandmother, female senior-citizen",YES,YES,YES,ALL
"伯母さん/叔母さん","おばさん","Aunt",YES,YES,YES,ALL
"お風呂","おふろ","Bath",YES,YES,YES,ALL
"お弁当","おべんとう","boxed lunch",YES,YES,YES,ALL
"覚える","おぼえる","to remember",YES,YES,YES,ALL
"(none)","おまわりさん","friendly term for policeman",YES,YES,YES,ALL
"重い","おもい","Heavy",YES,YES,YES,ALL
"(none)","おもしろい","Interesting",YES,YES,YES,ALL
"泳ぐ","およぐ","to swim",YES,YES,YES,ALL
"降りる","おりる","to get off, to descend",YES,YES,YES,ALL
"終る","おわる","to finish",YES,YES,YES,ALL
"音楽","おんがく","Music",YES,YES,YES,ALL
"女","おんな","Woman",YES,YES,YES,ALL
"女の子","おんなのこ","Girl",YES,YES,YES,ALL
"外国","がいこく","foreign country",YES,YES,YES,ALL
"外国人","がいこくじん","Foreigner",YES,YES,YES,ALL
"会社","かいしゃ","Company",YES,YES,YES,ALL
"階段","かいだん","Stairs",YES,YES,YES,ALL
"買い物","かいもの","Shopping",YES,YES,YES,ALL
"買う","かう","to buy",YES,YES,YES,ALL
"返す","かえす","to return something",YES,YES,YES,ALL
"帰る","かえる","to go back",YES,YES,YES,ALL
"(none)","かかる","to take time or money",YES,YES,YES,ALL
"(none)","かぎ","Key",YES,YES,YES,ALL
"書く","かく","to write",YES,YES,YES,ALL
"学生","がくせい","Student",YES,YES,YES,ALL
"(none)","かける","to call by phone",YES,YES,YES,ALL
"傘","かさ","Umbrella",YES,YES,YES,ALL
"貸す","かす","to lend",YES,YES,YES,ALL
"風","かぜ","Wind",YES,YES,YES,ALL
"風邪","かぜ","a cold",YES,YES,YES,ALL
"家族","かぞく","Family",YES,YES,YES,ALL
"方","かた","person, way of doing",YES,YES,YES,ALL
"学校","がっこう","School",YES,YES,YES,ALL
"(none)","カップ","Cup",YES,YES,YES,ALL
"家庭","かてい","Household",YES,YES,YES,ALL
"角","かど","a corner",YES,YES,YES,ALL
"(none)","かばん","bag, basket",YES,YES,YES,ALL
"花瓶","かびん","a vase",YES,YES,YES,ALL
"紙","かみ","paper",YES,YES,YES,ALL
"(none)","カメラ","camera",YES,YES,YES,ALL
"火曜日","かようび","Tuesday",YES,YES,YES,ALL
"辛い","からい","Spicy",YES,YES,YES,ALL
"体","からだ","Body",YES,YES,YES,ALL
"借りる","かりる","to borrow",YES,YES,YES,ALL
"軽い","かるい","Light",YES,YES,YES,ALL
"(none)","カレー","Curry",YES,YES,YES,ALL
"(none)","カレンダー","calendar",YES,YES,YES,ALL
"川/河","かわ","River",YES,YES,YES,ALL
"(none)","かわいい","Cute",YES,YES,YES,ALL
"漢字","かんじ","Chinese character",YES,YES,YES,ALL
"木","き","tree, wood",YES,YES,YES,ALL
"黄色","きいろ","yellow",YES,YES,YES,ALL
"黄色い","きいろい","yellow",YES,YES,YES,ALL
"消える","きえる","to disappear",YES,YES,YES,ALL
"聞く","きく","to hear, to listen to, to ask",YES,YES,YES,ALL
"北","きた","North",YES,YES,YES,ALL
"(none)","ギター","Guitar",YES,YES,YES,ALL
"汚い","きたない","Dirty",YES,YES,YES,ALL
"喫茶店","きっさてん","coffee lounge",YES,YES,YES,ALL
"切手","きって","postage stamp",YES,YES,YES,ALL
"切符","きっぷ","Ticket",YES,YES,YES,ALL
"昨日","きのう","Yesterday",YES,YES,YES,ALL
"九","きゅう","/ く Nine",YES,YES,YES,ALL
"牛肉","ぎゅうにく","Beef",YES,YES,YES,ALL
"牛乳","ぎゅうにゅう","Milk",YES,YES,YES,ALL
"今日","きょう","Today",YES,YES,YES,ALL
"教室","きょうしつ","Classroom",YES,YES,YES,ALL
"兄弟","きょうだい","(humble) siblings",YES,YES,YES,ALL
"去年","きょねん","last year",YES,YES,YES,ALL
"嫌い","きらい","Hate",YES,YES,YES,ALL
"切る","きる","to cut",YES,YES,YES,ALL
"着る","きる","to put on from the shoulders down",YES,YES,YES,ALL
"(none)","きれい","pretty, clean",YES,YES,YES,ALL
"銀行","ぎんこう","Bank",YES,YES,YES,ALL
"金曜日","きんようび","Friday",YES,YES,YES,ALL
"薬","くすり","medicine",YES,YES,YES,ALL
"(none)","ください","Please",YES,YES,YES,ALL
"果物","くだもの","Fruit",YES,YES,YES,ALL
"口","くち","mouth, opening",YES,YES,YES,ALL
"靴","くつ","Shoes",YES,YES,YES,ALL
"靴下","くつした","Socks",YES,YES,YES,ALL
"国","くに","Country",YES,YES,YES,ALL
"曇り","くもり","cloudy weather",YES,YES,YES,ALL
"曇る","くもる","to become cloudy, to become dim",YES,YES,YES,ALL
"暗い","くらい","Gloomy",YES,YES,YES,ALL
"(none)","クラス","Class",YES,YES,YES,ALL
"(none)","グラム","Gram",YES,YES,YES,ALL
"来る","くる","to come",YES,YES,YES,ALL
"車","くるま","car, vehicle",YES,YES,YES,ALL
"黒","くろ","Black",YES,YES,YES,ALL
"黒い","くろい","black",YES,YES,YES,ALL
"警官","けいかん","policeman",YES,YES,YES,ALL
"今朝","けさ","this morning",YES,YES,YES,ALL
"消す","けす","to erase, to turn off power",YES,YES,YES,ALL
"結構","けっこう","splendid, enough",YES,YES,YES,ALL
"結婚","けっこん","Marriage",YES,YES,YES,ALL
"月曜日","げつようび","Monday",YES,YES,YES,ALL
"玄関","げんかん","entry hall",YES,YES,YES,ALL
"元気","げんき","health, vitality",YES,YES,YES,ALL
"五","ご","Five",YES,YES,YES,ALL
"公園","こうえん","Park",YES,YES,YES,ALL
"交差点","こうさてん","intersection",YES,YES,YES,ALL
"紅茶","こうちゃ","black tea",YES,YES,YES,ALL
"交番","こうばん","police box",YES,YES,YES,ALL
"声","こえ","Voice",YES,YES,YES,ALL
"(none)","コート","coat, tennis court",YES,YES,YES,ALL
"(none)","コーヒー","Coffee",YES,YES,YES,ALL
"(none)","ここ","Here",YES,YES,YES,ALL
"午後","ごご","afternoon",YES,YES,YES,ALL
"九日","ここのか","nine days, ninth day",YES,YES,YES,ALL
"九つ","ここのつ","Nine",YES,YES,YES,ALL
"午前","ごぜん","morning",YES,YES,YES,ALL
"答える","こたえる","to answer",YES,YES,YES,ALL
"(none)","こちら","this person or way",YES,YES,YES,ALL
"(none)","こっち","this person or way",YES,YES,YES,ALL
"(none)","コップ","a glass",YES,YES,YES,ALL
"今年","ことし","this year",YES,YES,YES,ALL
"言葉","ことば","word, language",YES,YES,YES,ALL
"子供","こども","Child",YES,YES,YES,ALL
"(none)","この","This",YES,YES,YES,ALL
"御飯","ごはん","cooked rice, meal",YES,YES,YES,ALL
"(none)","コピーする","to copy",YES,YES,YES,ALL
"困る","こまる","to be worried",YES,YES,YES,ALL
"(none)","これ","This",YES,YES,YES,ALL
"今月","こんげつ","this month",YES,YES,YES,ALL
"今週","こんしゅう","this week",YES,YES,YES,ALL
"(none)","こんな","Such",YES,YES,YES,ALL
"今晩","こんばん","this evening",YES,YES,YES,ALL
"(none)","さあ","well…",YES,YES,YES,ALL
"財布","さいふ","Wallet",YES,YES,YES,ALL
"魚","さかな","Fish",YES,YES,YES,ALL
"先","さき","the future, previous",YES,YES,YES,ALL
"咲く","さく","to bloom",YES,YES,YES,ALL
"作文","さくぶん","composition, writing",YES,YES,YES,ALL
"差す","さす","",YES,YES,YES,ALL
"雑誌","ざっし","Magazine",YES,YES,YES,ALL
"砂糖","さとう","Sugar",YES,YES,YES,ALL
"寒い","さむい","Cold",YES,YES,YES,ALL
"さ来年","さらいねん","year after next",YES,YES,YES,ALL
"三","さん","Three",YES,YES,YES,ALL
"散歩","さんぽする","to stroll",YES,YES,YES,ALL
"四","し","/ よん Four",YES,YES,YES,ALL
"塩","しお","Salt",YES,YES,YES,ALL
"(none)","しかし","However",YES,YES,YES,ALL
"時間","じかん","Time",YES,YES,YES,ALL
"仕事","しごと","Job",YES,YES,YES,ALL
"辞書","じしょ","Dictionary",YES,YES,YES,ALL
"静か","しずか","Quiet",YES,YES,YES,ALL
"下","した","Below",YES,YES,YES,ALL
"七","しち","/ なな Seven",YES,YES,YES,ALL
"質問","しつもん","Question",YES,YES,YES,ALL
"自転車","じてんしゃ","Bicycle",YES,YES,YES,ALL
"自動車","じどうしゃ","Automobile",YES,YES,YES,ALL
"死ぬ","しぬ","to die",YES,YES,YES,ALL
"字引","じびき","Dictionary",YES,YES,YES,ALL
"自分","じぶん","Oneself",YES,YES,YES,ALL
"閉まる","しまる","to close, to be closed",YES,YES,YES,ALL
"閉める","しめる","to close something",YES,YES,YES,ALL
"締める","しめる","to tie",YES,YES,YES,ALL
"写真","しゃしん","photograph",YES,YES,YES,ALL
"(none)","シャツ","Shirt",YES,YES,YES,ALL
"(none)","シャワー","Shower",YES,YES,YES,ALL
"十","じゅう","とお Ten",YES,YES,YES,ALL
"授業","じゅぎょう","lesson, class work",YES,YES,YES,ALL
"宿題","しゅくだい","homework",YES,YES,YES,ALL
"上手","じょうず","Skillful",YES,YES,YES,ALL
"丈夫","じょうぶ","strong, durable",YES,YES,YES,ALL
"(none)","しょうゆ","soy sauce",YES,YES,YES,ALL
"食堂","しょくどう","dining hall",YES,YES,YES,ALL
"知る","しる","to know",YES,YES,YES,ALL
"白","しろ","White",YES,YES,YES,ALL
"白い","しろい","White",YES,YES,YES,ALL
"新聞","しんぶん","newspaper",YES,YES,YES,ALL
"水曜日","すいようび","Wednesday",YES,YES,YES,ALL
"吸う","すう","to smoke, to suck",YES,YES,YES,ALL
"(none)","スカート","Skirt",YES,YES,YES,ALL
"好き","すき","Likeable",YES,YES,YES,ALL
"少ない","すくない","a few",YES,YES,YES,ALL
"(none)","すぐに","Instantly",YES,YES,YES,ALL
"少し","すこし","Few",YES,YES,YES,ALL
"涼しい","すずしい","Refreshing",YES,YES,YES,ALL
"(none)","ストーブ","Heater",YES,YES,YES,ALL
"(none)","スプーン","Spoon",YES,YES,YES,ALL
"(none)","スポーツ","Sport",YES,YES,YES,ALL
"(none)","ズボン","Trousers",YES,YES,YES,ALL
"住む","すむ","to live in",YES,YES,YES,ALL
"(none)","スリッパ","Slippers",YES,YES,YES,ALL
"(none)","する","to do",YES,YES,YES,ALL
"座る","すわる","to sit",YES,YES,YES,ALL
"背","せ","height, stature",YES,YES,YES,ALL
"生徒","せいと","Pupil",YES,YES,YES,ALL
"(none)","セーター","sweater, jumper",YES,YES,YES,ALL
"(none)","せっけん","Economy",YES,YES,YES,ALL
"背広","せびろ","business suit",YES,YES,YES,ALL
"狭い","せまい","Narrow",YES,YES,YES,ALL
"(none)","ゼロ","Zero",YES,YES,YES,ALL
"千","せん","Thousand",YES,YES,YES,ALL
"先月","せんげつ","last month",YES,YES,YES,ALL
"先週","せんしゅう","last week",YES,YES,YES,ALL
"先生","せんせい","teacher, doctor",YES,YES,YES,ALL
"洗濯","せんたく","Washing",YES,YES,YES,ALL
"全部","ぜんぶ","All",YES,YES,YES,ALL
"掃除","そうじする","to clean, to sweep",YES,YES,YES,ALL
"(none)","そこ","that place",YES,YES,YES,ALL
"(none)","そちら","over there",YES,YES,YES,ALL
"(none)","そっち","over there",YES,YES,YES,ALL
"外","そと","Outside",YES,YES,YES,ALL
"(none)","その","That",YES,YES,YES,ALL
"(none)","そば","near, beside",YES,YES,YES,ALL
"空","そら","Sky",YES,YES,YES,ALL
"(none)","それ","that",YES,YES,YES,ALL
"(none)","それから","after that",YES,YES,YES,ALL
"(none)","それでは","in that situation",YES,YES,YES,ALL
"大学","だいがく","university",YES,YES,YES,ALL
"大使館","たいしかん","embassy",YES,YES,YES,ALL
"大丈夫","だいじょうぶ","all right",YES,YES,YES,ALL
"大好き","だいすき","to be very likeable",YES,YES,YES,ALL
"大切","たいせつ","important",YES,YES,YES,ALL
"台所","だいどころ","kitchen",YES,YES,YES,ALL
"(none)","たいへん","very",YES,YES,YES,ALL
"(none)","たいへん","difficult situation",YES,YES,YES,ALL
"高い","たかい","tall, expensive",YES,YES,YES,ALL
"(none)","たくさん","many",YES,YES,YES,ALL
"(none)","タクシー","taxi",YES,YES,YES,ALL
"出す","だす","to put out",YES,YES,YES,ALL
"立つ","たつ","to stand",YES,YES,YES,ALL
"(none)","たて","length,height",YES,YES,YES,ALL
"建物","たてもの","building",YES,YES,YES,ALL
"楽しい","たのしい","enjoyable",YES,YES,YES,ALL
"頼む","たのむ","to ask",YES,YES,YES,ALL
"(none)","たばこ","tobacco,cigarettes",YES,YES,YES,ALL
"(none)","たぶん","probably",YES,YES,YES,ALL
"食べ物","たべもの","food",YES,YES,YES,ALL
"食べる","たべる","to eat",YES,YES,YES,ALL
"卵","たまご","egg",YES,YES,YES,ALL
"誰","だれ","who",YES,YES,YES,ALL
"誰","だれか","somebody",YES,YES,YES,ALL
"誕生日","たんじょうび","birthday",YES,YES,YES,ALL
"(none)","だんだん","gradually",YES,YES,YES,ALL
"小さい","ちいさい","little",YES,YES,YES,ALL
"小さな","ちいさな","little",YES,YES,YES,ALL
"近い","ちかい","near",YES,YES,YES,ALL
"違う","ちがう","to differ",YES,YES,YES,ALL
"近く","ちかく","near",YES,YES,YES,ALL
"地下鉄","ちかてつ","underground train",YES,YES,YES,ALL
"地図","ちず","map",YES,YES,YES,ALL
"茶色","ちゃいろ","brown",YES,YES,YES,ALL
"(none)","ちゃわん","rice bowl",YES,YES,YES,ALL
"(none)","ちょうど","exactly",YES,YES,YES,ALL
"(none)","ちょっと","somewhat",YES,YES,YES,ALL
"一日","ついたち","first of month",YES,YES,YES,ALL
"使う","つかう","to use",YES,YES,YES,ALL
"疲れる","つかれる","to get tired",YES,YES,YES,ALL
"次","つぎ","next",YES,YES,YES,ALL
"着く","つく","to arrive at",YES,YES,YES,ALL
"机","つくえ","desk",YES,YES,YES,ALL
"作る","つくる","to make",YES,YES,YES,ALL
"(none)","つける","to turn on",YES,YES,YES,ALL
"勤める","つとめる","to work for someone",YES,YES,YES,ALL
"(none)","つまらない","boring",YES,YES,YES,ALL
"冷たい","つめたい","cold to the touch",YES,YES,YES,ALL
"強い","つよい","powerful",YES,YES,YES,ALL
"手","て","hand",YES,YES,YES,ALL
"(none)","テープ","tape",YES,YES,YES,ALL
"(none)","テーブル","table",YES,YES,YES,ALL
"(none)","テープレコーダー","tape recorder",YES,YES,YES,ALL
"出かける","でかける","to go out",YES,YES,YES,ALL
"手紙","てがみ","letter",YES,YES,YES,ALL
"(none)","できる","to be able to",YES,YES,YES,ALL
"出口","でぐち","exit",YES,YES,YES,ALL
"(none)","テスト","test",YES,YES,YES,ALL
"(none)","では","with that...",YES,YES,YES,ALL
"(none)","デパート","department store",YES,YES,YES,ALL
"(none)","でも","but",YES,YES,YES,ALL
"出る","でる","to appear,to leave",YES,YES,YES,ALL
"(none)","テレビ","television",YES,YES,YES,ALL
"天気","てんき","weather",YES,YES,YES,ALL
"電気","でんき","electricity,electric light",YES,YES,YES,ALL
"電車","でんしゃ","electric train",YES,YES,YES,ALL
"電話","でんわ","telephone",YES,YES,YES,ALL
"戸","と","Japanese style door",YES,YES,YES,ALL
"(none)","ドア","Western style door",YES,YES,YES,ALL
"(none)","トイレ","toilet",YES,YES,YES,ALL
"(none)","どう","how,in what way",YES,YES,YES,ALL
"(none)","どうして","for what reason",YES,YES,YES,ALL
"(none)","どうぞ","please",YES,YES,YES,ALL
"動物","どうぶつ","animal",YES,YES,YES,ALL
"(none)","どうも","thanks",YES,YES,YES,ALL
"遠い","とおい","far",YES,YES,YES,ALL
"十日","とおか","ten days,the tenth day",YES,YES,YES,ALL
"時々","ときどき","sometimes",YES,YES,YES,ALL
"時計","とけい","watch,clock",YES,YES,YES,ALL
"(none)","どこ","where",YES,YES,YES,ALL
"所","ところ","place",YES,YES,YES,ALL
"年","とし","year",YES,YES,YES,ALL
"図書館","としょかん","library",YES,YES,YES,ALL
"(none)","どちら","which of two",YES,YES,YES,ALL
"(none)","どっち","which",YES,YES,YES,ALL
"(none)","とても","very",YES,YES,YES,ALL
"(none)","どなた","who",YES,YES,YES,ALL
"隣","となり","next door to",YES,YES,YES,ALL
"(none)","どの","which",YES,YES,YES,ALL
"飛ぶ","とぶ","to fly,to hop",YES,YES,YES,ALL
"止まる","とまる","to come to a halt",YES,YES,YES,ALL
"友達","ともだち","friend",YES,YES,YES,ALL
"土曜日","どようび","Saturday",YES,YES,YES,ALL
"鳥","とり","bird",YES,YES,YES,ALL
"とり肉","とりにく","chicken meat",YES,YES,YES,ALL
"取る","とる","to take something",YES,YES,YES,ALL
"撮る","とる","to take a photo or record a film",YES,YES,YES,ALL
"(none)","どれ","which (of three or more)",YES,YES,YES,ALL
"(none)","ナイフ","knife",YES,YES,YES,ALL
"中","なか","middle",YES,YES,YES,ALL
"長い","ながい","long",YES,YES,YES,ALL
"鳴く","なく","animal noise. to chirp, roar or croak etc.",YES,YES,YES,ALL
"無くす","なくす","to lose something",YES,YES,YES,ALL
"(none)","なぜ","why",YES,YES,YES,ALL
"夏","なつ","summer",YES,YES,YES,ALL
"夏休み","なつやすみ","summer holiday",YES,YES,YES,ALL
"(none)","など","et cetera",YES,YES,YES,ALL
"七つ","ななつ","seven",YES,YES,YES,ALL
"七日","なのか","seven days,the seventh day",YES,YES,YES,ALL
"名前","なまえ","name",YES,YES,YES,ALL
"習う","ならう","to learn",YES,YES,YES,ALL
"並ぶ","ならぶ","to line up,to stand in a line",YES,YES,YES,ALL
"並べる","ならべる","to line up,to set up",YES,YES,YES,ALL
"(none)","なる","to become",YES,YES,YES,ALL
"二","に","two",YES,YES,YES,ALL
"賑やか","にぎやか","bustling,busy",YES,YES,YES,ALL
"肉","にく","meat",YES,YES,YES,ALL
"西","にし","west",YES,YES,YES,ALL
"日曜日","にちようび","Sunday",YES,YES,YES,ALL
"荷物","にもつ","luggage",YES,YES,YES,ALL
"(none)","ニュース","news",YES,YES,YES,ALL
"庭","にわ","garden",YES,YES,YES,ALL
"脱ぐ","ぬぐ","to take off clothes",YES,YES,YES,ALL
"温い","ぬるい","luke warm",YES,YES,YES,ALL
"(none)","ネクタイ","tie,necktie",YES,YES,YES,ALL
"猫","ねこ","cat",YES,YES,YES,ALL
"寝る","ねる","to go to bed,to sleep",YES,YES,YES,ALL
"(none)","ノート","notebook,exercise book",YES,YES,YES,ALL
"登る","のぼる","to climb",YES,YES,YES,ALL
"飲み物","のみもの","a drink",YES,YES,YES,ALL
"飲む","のむ","to drink",YES,YES,YES,ALL
"乗る","のる","to get on,to ride",YES,YES,YES,ALL
"歯","は","tooth",YES,YES,YES,ALL
"(none)","パーティー","party",YES,YES,YES,ALL
"(none)","はい","yes",YES,YES,YES,ALL
"灰皿","はいざら","ashtray",YES,YES,YES,ALL
"入る","はいる","to enter,to contain",YES,YES,YES,ALL
"葉書","はがき","postcard",YES,YES,YES,ALL
"(none)","はく","to wear,to put on trousers",YES,YES,YES,ALL
"箱","はこ","box",YES,YES,YES,ALL
"橋","はし","bridge",YES,YES,YES,ALL
"(none)","はし","chopsticks",YES,YES,YES,ALL
"始まる","はじまる","to begin",YES,YES,YES,ALL
"初め/始め","はじめ","beginning",YES,YES,YES,ALL
"初めて","はじめて","for the first time",YES,YES,YES,ALL
"走る","はしる","to run",YES,YES,YES,ALL
"(none)","バス","bus",YES,YES,YES,ALL
"(none)","バター","butter",YES,YES,YES,ALL
"二十歳","はたち","20 years old,20th year",YES,YES,YES,ALL
"働く","はたらく","to work",YES,YES,YES,ALL
"八","はち","eight",YES,YES,YES,ALL
"二十日","はつか","twenty days,twentieth",YES,YES,YES,ALL
"花","はな","flower",YES,YES,YES,ALL
"鼻","はな","nose",YES,YES,YES,ALL
"話","はなし","talk,story",YES,YES,YES,ALL
"話す","はなす","to speak",YES,YES,YES,ALL
"早い","はやい","early",YES,YES,YES,ALL
"速い","はやい","quick",YES,YES,YES,ALL
"春","はる","spring",YES,YES,YES,ALL
"貼る","はる","to stick",YES,YES,YES,ALL
"晴れ","はれ","clear weather",YES,YES,YES,ALL
"晴れる","はれる","to be sunny",YES,YES,YES,ALL
"半","はん","half",YES,YES,YES,ALL
"晩","ばん","evening",YES,YES,YES,ALL
"(none)","パン","bread",YES,YES,YES,ALL
"(none)","ハンカチ","handkerchief",YES,YES,YES,ALL
"番号","ばんごう","number",YES,YES,YES,ALL
"晩御飯","ばんごはん","evening meal",YES,YES,YES,ALL
"半分","はんぶん","half minute",YES,YES,YES,ALL
"東","ひがし","east",YES,YES,YES,ALL
"引く","ひく","to pull",YES,YES,YES,ALL
"弾く","ひく","",YES,YES,YES,ALL
"低い","ひくい","short,low",YES,YES,YES,ALL
"飛行機","ひこうき","aeroplane",YES,YES,YES,ALL
"左","ひだり","left hand side",YES,YES,YES,ALL
"人","ひと","person",YES,YES,YES,ALL
"一つ","ひとつ","one",YES,YES,YES,ALL
"一月","ひとつき","one month",YES,YES,YES,ALL
"一人","ひとり","one person",YES,YES,YES,ALL
"暇","ひま","free time",YES,YES,YES,ALL
"百","ひゃく","hundred",YES,YES,YES,ALL
"病院","びょういん","hospital",YES,YES,YES,ALL
"病気","びょうき","illness",YES,YES,YES,ALL
"昼","ひる","noon, daytime",YES,YES,YES,ALL
"昼御飯","ひるごはん","midday meal",YES,YES,YES,ALL
"広い","ひろい","spacious,wide",YES,YES,YES,ALL
"(none)","フィルム","roll of film",YES,YES,YES,ALL
"封筒","ふうとう","envelope",YES,YES,YES,ALL
"(none)","プール","swimming pool",YES,YES,YES,ALL
"(none)","フォーク","fork",YES,YES,YES,ALL
"吹く","ふく","to blow",YES,YES,YES,ALL
"服","ふく","clothes",YES,YES,YES,ALL
"二つ","ふたつ","two",YES,YES,YES,ALL
"豚肉","ぶたにく","pork",YES,YES,YES,ALL
"二人","ふたり","two people",YES,YES,YES,ALL
"二日","ふつか","two days, second day of the month",YES,YES,YES,ALL
"太い","ふとい","fat",YES,YES,YES,ALL
"冬","ふゆ","winter",YES,YES,YES,ALL
"降る","ふる","to fall, e.g. rain or snow",YES,YES,YES,ALL
"古い","ふるい","old (not used for people)",YES,YES,YES,ALL
"(none)","ふろ","bath",YES,YES,YES,ALL
"文章","ぶんしょう","sentence,text",YES,YES,YES,ALL
"(none)","ページ","page",YES,YES,YES,ALL
"下手","へた","unskillful",YES,YES,YES,ALL
"(none)","ベッド","bed",YES,YES,YES,ALL
"(none)","ペット","pet",YES,YES,YES,ALL
"部屋","へや","room",YES,YES,YES,ALL
"辺","へん","area",YES,YES,YES,ALL
"(none)","ペン","pen",YES,YES,YES,ALL
"勉強","べんきょうする","to study",YES,YES,YES,ALL
"便利","べんり","useful, convenient",YES,YES,YES,ALL
"帽子","ぼうし","hat",YES,YES,YES,ALL
"(none)","ボールペン","ball-point pen",YES,YES,YES,ALL
"(none)","ほか","other, the rest",YES,YES,YES,ALL
"(none)","ポケット","pocket",YES,YES,YES,ALL
"欲しい","ほしい","want",YES,YES,YES,ALL
"(none)","ポスト","post",YES,YES,YES,ALL
"細い","ほそい","thin",YES,YES,YES,ALL
"(none)","ボタン","button",YES,YES,YES,ALL
"(none)","ホテル","hotel",YES,YES,YES,ALL
"本","ほん","book",YES,YES,YES,ALL
"本棚","ほんだな","bookshelves",YES,YES,YES,ALL
"(none)","ほんとう","truth",YES,YES,YES,ALL
"毎朝","まいあさ","every morning",YES,YES,YES,ALL
"毎週","まいしゅう","every week",YES,YES,YES,ALL
"毎日","まいにち","every day",YES,YES,YES,ALL
"毎晩","まいばん","every night",YES,YES,YES,ALL
"前","まえ","before",YES,YES,YES,ALL
"曲る","まがる","to turn,to bend",YES,YES,YES,ALL
"(none)","まずい","unpleasant",YES,YES,YES,ALL
"(none)","また","again,and",YES,YES,YES,ALL
"(none)","まだ","yet,still",YES,YES,YES,ALL
"町","まち","town,city",YES,YES,YES,ALL
"待つ","まつ","to wait",YES,YES,YES,ALL
"(none)","まっすぐ","straight ahead,direct",YES,YES,YES,ALL
"(none)","マッチ","match",YES,YES,YES,ALL
"窓","まど","window",YES,YES,YES,ALL
"丸い/円い","まるい","round,circular",YES,YES,YES,ALL
"万","まん","ten thousand",YES,YES,YES,ALL
"万年筆","まんねんひつ","fountain pen",YES,YES,YES,ALL
"磨く","みがく","to brush teeth, to polish",YES,YES,YES,ALL
"右","みぎ","right side",YES,YES,YES,ALL
"短い","みじかい","short",YES,YES,YES,ALL
"水","みず","water",YES,YES,YES,ALL
"店","みせ","shop",YES,YES,YES,ALL
"見せる","みせる","to show",YES,YES,YES,ALL
"道","みち","street",YES,YES,YES,ALL
"三日","みっか","three days, third day of the month",YES,YES,YES,ALL
"三つ","みっつ","three",YES,YES,YES,ALL
"緑","みどり","green",YES,YES,YES,ALL
"皆さん","みなさん","everyone",YES,YES,YES,ALL
"南","みなみ","south",YES,YES,YES,ALL
"耳","みみ","ear",YES,YES,YES,ALL
"(none)","みんな","everyone",YES,YES,YES,ALL
"六日","むいか","six days, sixth day of the month",YES,YES,YES,ALL
"向こう","むこう","over there",YES,YES,YES,ALL
"難しい","むずかしい","difficult",YES,YES,YES,ALL
"六つ","むっつ","six",YES,YES,YES,ALL
"村","むら","village",YES,YES,YES,ALL
"目","め","eye",YES,YES,YES,ALL
"(none)","メートル","metre",YES,YES,YES,ALL
"眼鏡","めがね","glasses",YES,YES,YES,ALL
"(none)","もう","already",YES,YES,YES,ALL
"もう一度","もういちど","again",YES,YES,YES,ALL
"木曜日","もくようび","Thursday",YES,YES,YES,ALL
"持つ","もつ","to hold",YES,YES,YES,ALL
"(none)","もっと","more",YES,YES,YES,ALL
"物","もの","thing",YES,YES,YES,ALL
"門","もん","gate",YES,YES,YES,ALL
"問題","もんだい","problem",YES,YES,YES,ALL
"八百屋","やおや","greengrocer",YES,YES,YES,ALL
"野菜","やさい","vegetable",YES,YES,YES,ALL
"易しい","やさしい","easy, simple",YES,YES,YES,ALL
"安い","やすい","cheap",YES,YES,YES,ALL
"休み","やすみ","rest,holiday",YES,YES,YES,ALL
"休む","やすむ","to rest",YES,YES,YES,ALL
"八つ","やっつ","eight",YES,YES,YES,ALL
"山","やま","mountain",YES,YES,YES,ALL
"(none)","やる","to do",YES,YES,YES,ALL
"夕方","ゆうがた","evening",YES,YES,YES,ALL
"夕飯","ゆうはん","dinner",YES,YES,YES,ALL
"郵便局","ゆうびんきょく","post office",YES,YES,YES,ALL
"昨夜","ゆうべ","last night",YES,YES,YES,ALL
"有名","ゆうめい","famous",YES,YES,YES,ALL
"雪","ゆき","snow",YES,YES,YES,ALL
"行く","ゆく","to go",YES,YES,YES,ALL
"(none)","ゆっくりと","slowly",YES,YES,YES,ALL
"八日","ようか","eight days, eighth day of the month",YES,YES,YES,ALL
"洋服","ようふく","western-style clothes",YES,YES,YES,ALL
"(none)","よく","often, well",YES,YES,YES,ALL
"横","よこ","beside,side,width",YES,YES,YES,ALL
"四日","よっか","four days, fouth day of the month",YES,YES,YES,ALL
"四つ","よっつ","four",YES,YES,YES,ALL
"呼ぶ","よぶ","to call out,to invite",YES,YES,YES,ALL
"読む","よむ","to read",YES,YES,YES,ALL
"夜","よる","evening,night",YES,YES,YES,ALL
"弱い","よわい","weak",YES,YES,YES,ALL
"来月","らいげつ","next month",YES,YES,YES,ALL
"来週","らいしゅう","next week",YES,YES,YES,ALL
"来年","らいねん","next year",YES,YES,YES,ALL
"(none)","ラジオ","radio",YES,YES,YES,ALL
"(none)","ラジカセ","/",NO,NO,YES,TANOS_ONLY
"(none)","りっぱ","splendid",YES,YES,YES,ALL
"留学生","りゅうがくせい","overseas student",YES,YES,YES,ALL
"両親","りょうしん","both parents",YES,YES,YES,ALL
"料理","りょうり","cuisine",YES,YES,YES,ALL
"旅行","りょこう","travel",YES,YES,YES,ALL
"零","れい","zero",YES,YES,YES,ALL
"冷蔵庫","れいぞうこ","refrigerator",YES,YES,YES,ALL
"(none)","レコード","record",YES,YES,YES,ALL
"(none)","レストラン","restaurant",YES,YES,YES,ALL
"練習","れんしゅうする","to practice",YES,YES,YES,ALL
"廊下","ろうか","corridor",YES,YES,YES,ALL
"六","ろく","six",YES,YES,YES,ALL
"(none)","ワイシャツ","business shirt",YES,YES,YES,ALL
"若い","わかい","young",YES,YES,YES,ALL
"分かる","わかる","to be understood",YES,YES,YES,ALL
"忘れる","わすれる","to forget",YES,YES,YES,ALL
"私","わたくし","(humble) I,myself",YES,YES,YES,ALL
"私","わたし","I,myself",YES,YES,YES,ALL
"渡す","わたす","to hand over",YES,YES,YES,ALL
"渡る","わたる","to go across",YES,YES,YES,ALL
"悪い","わるい","bad",YES,YES,YES,ALL
"(none)","あ","",NO,YES,NO,COMP_ONLY
"(none)","ああ","",NO,YES,NO,COMP_ONLY
"(none)","あいます","",NO,YES,NO,COMP_ONLY
"(none)","あがります","",NO,YES,NO,COMP_ONLY
"(none)","あきます","",NO,YES,NO,COMP_ONLY
"(none)","あけます","",NO,YES,NO,COMP_ONLY
"(none)","あげます","",NO,YES,NO,COMP_ONLY
"(none)","あそびます","",NO,YES,NO,COMP_ONLY
"(none)","あのう","",NO,YES,NO,COMP_ONLY
"(none)","あびます","",NO,YES,NO,COMP_ONLY
"(none)","あらいます","",NO,YES,NO,COMP_ONLY
"(none)","ありがとうございます","",NO,YES,NO,COMP_ONLY
"(none)","あります","",NO,YES,NO,COMP_ONLY
"(none)","ある","",YES,YES,NO,CURR+COMP
"(none)","あるきます","",NO,YES,NO,COMP_ONLY
"(none)","いい","",NO,YES,NO,COMP_ONLY
"(none)","いい/よい","",YES,YES,NO,CURR+COMP
"(none)","いいます","",NO,YES,NO,COMP_ONLY
"(none)","いきます","",NO,YES,NO,COMP_ONLY
"(none)","いただきます","",NO,YES,NO,COMP_ONLY
"(none)","いちど","",NO,YES,NO,COMP_ONLY
"(none)","いってきます","",NO,YES,NO,COMP_ONLY
"(none)","います","",NO,YES,NO,COMP_ONLY
"(none)","いもうとさん","",NO,YES,NO,COMP_ONLY
"(none)","いらっしゃいませ","",NO,YES,NO,COMP_ONLY
"(none)","いります","",NO,YES,NO,COMP_ONLY
"(none)","いれます","",NO,YES,NO,COMP_ONLY
"(none)","うたいます","",NO,YES,NO,COMP_ONLY
"(none)","うち","",NO,YES,NO,COMP_ONLY
"(none)","うまれます","",NO,YES,NO,COMP_ONLY
"(none)","うります","",NO,YES,NO,COMP_ONLY
"(none)","うれしい","",NO,YES,NO,COMP_ONLY
"(none)","うーん","",NO,YES,NO,COMP_ONLY
"(none)","えっ","",NO,YES,NO,COMP_ONLY
"(none)","えらびます","",NO,YES,NO,COMP_ONLY
"(none)","えん","",NO,YES,NO,COMP_ONLY
"(none)","えー","",NO,YES,NO,COMP_ONLY
"(none)","お","",NO,YES,NO,COMP_ONLY
"(none)","おいでになります","",NO,YES,NO,COMP_ONLY
"(none)","おきます","",NO,YES,NO,COMP_ONLY
"(none)","おくに","",NO,YES,NO,COMP_ONLY
"(none)","おくります","",NO,YES,NO,COMP_ONLY
"(none)","おげんきで","",NO,YES,NO,COMP_ONLY
"(none)","おしえます","",NO,YES,NO,COMP_ONLY
"(none)","おそく","",NO,YES,NO,COMP_ONLY
"(none)","おとうとさん","",NO,YES,NO,COMP_ONLY
"(none)","おにぎり","",NO,YES,NO,COMP_ONLY
"(none)","おねがいします","",NO,YES,NO,COMP_ONLY
"(none)","おはようございます","",NO,YES,NO,COMP_ONLY
"(none)","おぼえます","",NO,YES,NO,COMP_ONLY
"(none)","おみせ","",NO,YES,NO,COMP_ONLY
"(none)","おやすみなさい","",NO,YES,NO,COMP_ONLY
"(none)","およぎます","",NO,YES,NO,COMP_ONLY
"(none)","おります","",NO,YES,NO,COMP_ONLY
"(none)","おわります","",NO,YES,NO,COMP_ONLY
"(none)","か","",NO,YES,NO,COMP_ONLY
"(none)","かい","",NO,YES,NO,COMP_ONLY
"(none)","かいとうようし","",NO,YES,NO,COMP_ONLY
"(none)","かいます","",NO,YES,NO,COMP_ONLY
"(none)","かえします","",NO,YES,NO,COMP_ONLY
"(none)","かえります","",NO,YES,NO,COMP_ONLY
"(none)","かお","",NO,YES,NO,COMP_ONLY
"(none)","かかります","",NO,YES,NO,COMP_ONLY
"(none)","かかん","",NO,YES,NO,COMP_ONLY
"(none)","かきます","",NO,YES,NO,COMP_ONLY
"(none)","かけます","",NO,YES,NO,COMP_ONLY
"(none)","かげつ","",NO,YES,NO,COMP_ONLY
"(none)","かします","",NO,YES,NO,COMP_ONLY
"(none)","かない","",NO,YES,NO,COMP_ONLY
"(none)","かぶります","",NO,YES,NO,COMP_ONLY
"(none)","かります","",NO,YES,NO,COMP_ONLY
"(none)","かんがえます","",NO,YES,NO,COMP_ONLY
"(none)","かんたん","",NO,YES,NO,COMP_ONLY
"(none)","がつ","",NO,YES,NO,COMP_ONLY
"(none)","がります","",NO,YES,NO,COMP_ONLY
"(none)","がわ","",NO,YES,NO,COMP_ONLY
"(none)","きえます","",NO,YES,NO,COMP_ONLY
"(none)","ききます","",NO,YES,NO,COMP_ONLY
"(none)","きます","",NO,YES,NO,COMP_ONLY
"(none)","きゅう/く","",YES,YES,NO,CURR+COMP
"(none)","きょうと","",NO,YES,NO,COMP_ONLY
"(none)","きります","",NO,YES,NO,COMP_ONLY
"(none)","きん","",NO,YES,NO,COMP_ONLY
"(none)","く","",NO,YES,NO,COMP_ONLY
"(none)","くろく","",NO,YES,NO,COMP_ONLY
"(none)","けします","",NO,YES,NO,COMP_ONLY
"(none)","けしゴム","",NO,YES,NO,COMP_ONLY
"(none)","けっこんします","",NO,YES,NO,COMP_ONLY
"(none)","げつ","",NO,YES,NO,COMP_ONLY
"(none)","こ","",NO,YES,NO,COMP_ONLY
"(none)","こたえ","",NO,YES,NO,COMP_ONLY
"(none)","こたえかた","",NO,YES,NO,COMP_ONLY
"(none)","こたえます","",NO,YES,NO,COMP_ONLY
"(none)","こちらこそ","",NO,YES,NO,COMP_ONLY
"(none)","こまります","",NO,YES,NO,COMP_ONLY
"(none)","こんにちは","",NO,YES,NO,COMP_ONLY
"(none)","こんばんは","",NO,YES,NO,COMP_ONLY
"(none)","ごしゅじん","",NO,YES,NO,COMP_ONLY
"(none)","ごちそうさまでした","",NO,YES,NO,COMP_ONLY
"(none)","ごめんください","",NO,YES,NO,COMP_ONLY
"(none)","ごめんなさい","",NO,YES,NO,COMP_ONLY
"(none)","ごろ","",NO,YES,NO,COMP_ONLY
"(none)","さい","",NO,YES,NO,COMP_ONLY
"(none)","さいご","",NO,YES,NO,COMP_ONLY
"(none)","さきます","",NO,YES,NO,COMP_ONLY
"(none)","さします","",NO,YES,NO,COMP_ONLY
"(none)","さつ","",NO,YES,NO,COMP_ONLY
"(none)","さようなら","",NO,YES,NO,COMP_ONLY
"(none)","さんぽ","",NO,YES,NO,COMP_ONLY
"(none)","し/よん","",YES,YES,NO,CURR+COMP
"(none)","しち/なな","",YES,YES,NO,CURR+COMP
"(none)","しつれいしました","",NO,YES,NO,COMP_ONLY
"(none)","しつれいします","",NO,YES,NO,COMP_ONLY
"(none)","しにます","",NO,YES,NO,COMP_ONLY
"(none)","します","",NO,YES,NO,COMP_ONLY
"(none)","しまります","",NO,YES,NO,COMP_ONLY
"(none)","しめます","",NO,YES,NO,COMP_ONLY
"(none)","しゅう","",NO,YES,NO,COMP_ONLY
"(none)","しゅうかん","",NO,YES,NO,COMP_ONLY
"(none)","しります","",NO,YES,NO,COMP_ONLY
"(none)","じ","",NO,YES,NO,COMP_ONLY
"(none)","じゃ","",NO,YES,NO,COMP_ONLY
"(none)","じゃ/じゃあ","",YES,YES,NO,CURR+COMP
"(none)","じゃあ","",NO,YES,NO,COMP_ONLY
"(none)","じゅうとお","",YES,YES,NO,CURR+COMP
"(none)","じょうずに","",NO,YES,NO,COMP_ONLY
"(none)","じん","",NO,YES,NO,COMP_ONLY
"(none)","すい","",NO,YES,NO,COMP_ONLY
"(none)","すいます","",NO,YES,NO,COMP_ONLY
"(none)","すぎ","",NO,YES,NO,COMP_ONLY
"(none)","すし","",NO,YES,NO,COMP_ONLY
"(none)","すしや","",NO,YES,NO,COMP_ONLY
"(none)","すみます","",NO,YES,NO,COMP_ONLY
"(none)","すみません","",NO,YES,NO,COMP_ONLY
"(none)","すわります","",NO,YES,NO,COMP_ONLY
"(none)","ずつ","",NO,YES,NO,COMP_ONLY
"(none)","そうして/そして","",YES,YES,NO,CURR+COMP
"(none)","そうしましょう","",NO,YES,NO,COMP_ONLY
"(none)","そうじ","",NO,YES,NO,COMP_ONLY
"(none)","そうじします","",NO,YES,NO,COMP_ONLY
"(none)","そうです","",NO,YES,NO,COMP_ONLY
"(none)","そうですか","",NO,YES,NO,COMP_ONLY
"(none)","そうですね","",NO,YES,NO,COMP_ONLY
"(none)","そして","",NO,YES,NO,COMP_ONLY
"(none)","たいてい","",NO,YES,NO,COMP_ONLY
"(none)","ただいま","",NO,YES,NO,COMP_ONLY
"(none)","ただしい","",NO,YES,NO,COMP_ONLY
"(none)","たち","",NO,YES,NO,COMP_ONLY
"(none)","たちます","",NO,YES,NO,COMP_ONLY
"(none)","たのみます","",NO,YES,NO,COMP_ONLY
"(none)","たべます","",NO,YES,NO,COMP_ONLY
"(none)","だい","",NO,YES,NO,COMP_ONLY
"(none)","だいたい","",NO,YES,NO,COMP_ONLY
"(none)","だから","",NO,YES,NO,COMP_ONLY
"(none)","だします","",NO,YES,NO,COMP_ONLY
"(none)","ちがいます","",NO,YES,NO,COMP_ONLY
"(none)","ちち","",NO,YES,NO,COMP_ONLY
"(none)","ちゅう","",NO,YES,NO,COMP_ONLY
"(none)","つ","",NO,YES,NO,COMP_ONLY
"(none)","つかいます","",NO,YES,NO,COMP_ONLY
"(none)","つかれます","",NO,YES,NO,COMP_ONLY
"(none)","つきます","",NO,YES,NO,COMP_ONLY
"(none)","つくりかた","",NO,YES,NO,COMP_ONLY
"(none)","つくります","",NO,YES,NO,COMP_ONLY
"(none)","つけます","",NO,YES,NO,COMP_ONLY
"(none)","つとめます","",NO,YES,NO,COMP_ONLY
"(none)","でかけます","",NO,YES,NO,COMP_ONLY
"(none)","できます","",NO,YES,NO,COMP_ONLY
"(none)","では、また","",NO,YES,NO,COMP_ONLY
"(none)","でます","",NO,YES,NO,COMP_ONLY
"(none)","でんわします","",NO,YES,NO,COMP_ONLY
"(none)","でんわばんごう","",NO,YES,NO,COMP_ONLY
"(none)","とうきょう","",NO,YES,NO,COMP_ONLY
"(none)","とうふ","",NO,YES,NO,COMP_ONLY
"(none)","とお","",NO,YES,NO,COMP_ONLY
"(none)","とおく","",NO,YES,NO,COMP_ONLY
"(none)","とびます","",NO,YES,NO,COMP_ONLY
"(none)","とまります","",NO,YES,NO,COMP_ONLY
"(none)","とります","",NO,YES,NO,COMP_ONLY
"(none)","ど","",NO,YES,NO,COMP_ONLY
"(none)","どういたしまして","",NO,YES,NO,COMP_ONLY
"(none)","どうもありがとう","",NO,YES,NO,COMP_ONLY
"(none)","どこか","",NO,YES,NO,COMP_ONLY
"(none)","どんな","",NO,YES,NO,COMP_ONLY
"(none)","なきます","",NO,YES,NO,COMP_ONLY
"(none)","なに","",NO,YES,NO,COMP_ONLY
"(none)","なにか","",NO,YES,NO,COMP_ONLY
"(none)","ならいます","",NO,YES,NO,COMP_ONLY
"(none)","ならびます","",NO,YES,NO,COMP_ONLY
"(none)","ならべます","",NO,YES,NO,COMP_ONLY
"(none)","なります","",NO,YES,NO,COMP_ONLY
"(none)","なん","",NO,YES,NO,COMP_ONLY
"(none)","なん/なに","",YES,YES,NO,CURR+COMP
"(none)","なんじ","",NO,YES,NO,COMP_ONLY
"(none)","なんにち","",NO,YES,NO,COMP_ONLY
"(none)","にち","",NO,YES,NO,COMP_ONLY
"(none)","にねん","",NO,YES,NO,COMP_ONLY
"(none)","にほん","",NO,YES,NO,COMP_ONLY
"(none)","にほんご","",NO,YES,NO,COMP_ONLY
"(none)","にん","",NO,YES,NO,COMP_ONLY
"(none)","ぬぎます","",NO,YES,NO,COMP_ONLY
"(none)","ぬります","",NO,YES,NO,COMP_ONLY
"(none)","ねます","",NO,YES,NO,COMP_ONLY
"(none)","ねん","",NO,YES,NO,COMP_ONLY
"(none)","のぼります","",NO,YES,NO,COMP_ONLY
"(none)","のみます","",NO,YES,NO,COMP_ONLY
"(none)","のります","",NO,YES,NO,COMP_ONLY
"(none)","はいります","",NO,YES,NO,COMP_ONLY
"(none)","はきます","",NO,YES,NO,COMP_ONLY
"(none)","はじまります","",NO,YES,NO,COMP_ONLY
"(none)","はじめに","",NO,YES,NO,COMP_ONLY
"(none)","はじめまして","",NO,YES,NO,COMP_ONLY
"(none)","はたらきます","",NO,YES,NO,COMP_ONLY
"(none)","はなします","",NO,YES,NO,COMP_ONLY
"(none)","はは","",NO,YES,NO,COMP_ONLY
"(none)","はります","",NO,YES,NO,COMP_ONLY
"(none)","はれます","",NO,YES,NO,COMP_ONLY
"(none)","ひ","",NO,YES,NO,COMP_ONLY
"(none)","ひき","",NO,YES,NO,COMP_ONLY
"(none)","ひきます","",NO,YES,NO,COMP_ONLY
"(none)","ひらがな","",NO,YES,NO,COMP_ONLY
"(none)","ふきます","",NO,YES,NO,COMP_ONLY
"(none)","ふります","",NO,YES,NO,COMP_ONLY
"(none)","ふん","",NO,YES,NO,COMP_ONLY
"(none)","ぶん","",NO,YES,NO,COMP_ONLY
"(none)","べんきょうします","",NO,YES,NO,COMP_ONLY
"(none)","ほう","",NO,YES,NO,COMP_ONLY
"(none)","ほんや","",NO,YES,NO,COMP_ONLY
"(none)","ぼく","",NO,YES,NO,COMP_ONLY
"(none)","まい","",NO,YES,NO,COMP_ONLY
"(none)","まいげつ","",NO,YES,NO,COMP_ONLY
"(none)","まいげつ/まいつき","",YES,YES,NO,CURR+COMP
"(none)","まいねん","",NO,YES,NO,COMP_ONLY
"(none)","まいねん/まいとし","",YES,YES,NO,CURR+COMP
"(none)","まがります","",NO,YES,NO,COMP_ONLY
"(none)","まちます","",NO,YES,NO,COMP_ONLY
"(none)","みがきます","",NO,YES,NO,COMP_ONLY
"(none)","みせます","",NO,YES,NO,COMP_ONLY
"(none)","みます","",NO,YES,NO,COMP_ONLY
"(none)","みる","",YES,YES,NO,CURR+COMP
"(none)","もく","",NO,YES,NO,COMP_ONLY
"(none)","もしもし","",NO,YES,NO,COMP_ONLY
"(none)","もちます","",NO,YES,NO,COMP_ONLY
"(none)","もちろん","",NO,YES,NO,COMP_ONLY
"(none)","もっていきます","",NO,YES,NO,COMP_ONLY
"(none)","もらいます","",NO,YES,NO,COMP_ONLY
"(none)","もんだいようし","",NO,YES,NO,COMP_ONLY
"(none)","もんだいれい","",NO,YES,NO,COMP_ONLY
"(none)","や","",NO,YES,NO,COMP_ONLY
"(none)","やじるし","",NO,YES,NO,COMP_ONLY
"(none)","やすみます","",NO,YES,NO,COMP_ONLY
"(none)","やります","",NO,YES,NO,COMP_ONLY
"(none)","ゆっくり","",NO,YES,NO,COMP_ONLY
"(none)","よびます","",NO,YES,NO,COMP_ONLY
"(none)","よみます","",NO,YES,NO,COMP_ONLY
"(none)","より、ほう","",YES,YES,NO,CURR+COMP
"(none)","よろしく","",NO,YES,NO,COMP_ONLY
"(none)","りょこうがいしゃ","",NO,YES,NO,COMP_ONLY
"(none)","りょこうします","",NO,YES,NO,COMP_ONLY
"(none)","りんご","",NO,YES,NO,COMP_ONLY
"(none)","れんしゅう","",NO,YES,NO,COMP_ONLY
"(none)","れんしゅうします","",NO,YES,NO,COMP_ONLY
"(none)","ろっぽん","",NO,YES,NO,COMP_ONLY
"(none)","わかります","",NO,YES,NO,COMP_ONLY
"(none)","わすれます","",NO,YES,NO,COMP_ONLY
"(none)","わたします","",NO,YES,NO,COMP_ONLY
"(none)","わたります","",NO,YES,NO,COMP_ONLY
"(none)","アメリカ","",NO,YES,NO,COMP_ONLY
"(none)","エアコン","",NO,YES,NO,COMP_ONLY
"(none)","カタカナ","",NO,YES,NO,COMP_ONLY
"(none)","キロ","",NO,YES,NO,COMP_ONLY
"(none)","キロ/キログラム","",YES,YES,NO,CURR+COMP
"(none)","キロ/キロメートル","",YES,YES,NO,CURR+COMP
"(none)","ケーキ","",NO,YES,NO,COMP_ONLY
"(none)","コピー","",NO,YES,NO,COMP_ONLY
"(none)","コピーします","",NO,YES,NO,COMP_ONLY
"(none)","サッカー","",NO,YES,NO,COMP_ONLY
"(none)","ジュース","",NO,YES,NO,COMP_ONLY
"(none)","ティッシュペーパー","",NO,YES,NO,COMP_ONLY
"(none)","トイレットペーパー","",NO,YES,NO,COMP_ONLY
"(none)","バスがいしゃ","",NO,YES,NO,COMP_ONLY
"(none)","バスてい","",NO,YES,NO,COMP_ONLY
"(none)","バスりょこう","",NO,YES,NO,COMP_ONLY
"(none)","パンや","",NO,YES,NO,COMP_ONLY
"(none)","ビル","",NO,YES,NO,COMP_ONLY
"(none)","メモ","",NO,YES,NO,COMP_ONLY
"(none)","メモします","",NO,YES,NO,COMP_ONLY
"(none)","ラジカセ/ラジオカセット","",YES,YES,NO,CURR+COMP
"(none)","ラーメン","",NO,YES,NO,COMP_ONLY
"何","(reading needed)","",YES,YES,NO,CURR+COMP
"毎年","(reading needed)","",YES,YES,NO,CURR+COMP
"毎月","(reading needed)","",YES,YES,NO,CURR+COMP
"見る観る","(reading needed)","",YES,YES,NO,CURR+COMP
